<?xml version="1.0" encoding="UTF-8"?>
<project-private xmlns="http://www.netbeans.org/ns/project-private/1">
    <editor-bookmarks xmlns="http://www.netbeans.org/ns/editor-bookmarks/2" lastBookmarkId="0"/>
    <open-files xmlns="http://www.netbeans.org/ns/projectui-open-files/2">
        <group>
            <file>file:/C:/Users/CaRlA/Documents/1%20Tec/3Tercero/P.%20Orientada%20a%20Obj/Proyectos/2/PB_17130819_Proyecto_02/src/pb_17130819_proyecto_02/PB_17130819_Frame_02.java</file>
            <file>file:/C:/Users/CaRlA/Documents/1%20Tec/3Tercero/P.%20Orientada%20a%20Obj/Proyectos/2/PB_17130819_Proyecto_02/src/pb_17130819_proyecto_02/PB_17130819_Clase_02.java</file>
        </group>
    </open-files>
</project-private>
