<?xml version="1.0" encoding="UTF-8"?>
<project-private xmlns="http://www.netbeans.org/ns/project-private/1">
    <editor-bookmarks xmlns="http://www.netbeans.org/ns/editor-bookmarks/2" lastBookmarkId="0"/>
    <open-files xmlns="http://www.netbeans.org/ns/projectui-open-files/2">
        <group>
            <file>file:/C:/Users/pqdst/Documents/NetBeansProjects/AppColaSimplePlantilla/src/Clases/MenuTipos.java</file>
            <file>file:/C:/Users/pqdst/Documents/NetBeansProjects/AppColaSimplePlantilla/src/Clases/Menu.java</file>
            <file>file:/C:/Users/pqdst/Documents/NetBeansProjects/AppColaSimplePlantilla/src/Clases/ColaSimpleT.java</file>
            <file>file:/C:/Users/pqdst/Documents/NetBeansProjects/AppColaSimplePlantilla/src/appcolasimpleplantilla/AppColaSimplePlantilla.java</file>
        </group>
    </open-files>
</project-private>
