<?xml version="1.0" encoding="UTF-8"?>
<project-private xmlns="http://www.netbeans.org/ns/project-private/1">
    <editor-bookmarks xmlns="http://www.netbeans.org/ns/editor-bookmarks/2" lastBookmarkId="0"/>
    <open-files xmlns="http://www.netbeans.org/ns/projectui-open-files/2">
        <group>
            <file>file:/C:/Users/ahdeijack/Documents/NetBeansProjects/App_Ferreteria_Hash/src/app_ferreteria_hash/App_Ferreteria_Hash.java</file>
            <file>file:/C:/Users/ahdeijack/Documents/NetBeansProjects/App_Ferreteria_Hash/src/app_ferreteria_hash/HashModulo.java</file>
            <file>file:/C:/Users/ahdeijack/Documents/NetBeansProjects/App_Ferreteria_Hash/src/app_ferreteria_hash/Productos.java</file>
        </group>
    </open-files>
</project-private>
