<?xml version="1.0" encoding="UTF-8"?>
<project-private xmlns="http://www.netbeans.org/ns/project-private/1">
    <editor-bookmarks xmlns="http://www.netbeans.org/ns/editor-bookmarks/2" lastBookmarkId="0"/>
    <open-files xmlns="http://www.netbeans.org/ns/projectui-open-files/2">
        <group>
            <file>file:/home/ahedeijack/NetBeansProjects/EstructuraDeDatos/src/Aplicacion_08_Vector1/jFramePrincipal.java</file>
            <file>file:/home/ahedeijack/NetBeansProjects/EstructuraDeDatos/src/Aplicacion_9_Caracter_Character/Character.java</file>
            <file>file:/home/ahedeijack/NetBeansProjects/EstructuraDeDatos/src/Aplicacion_08_Vector1/Vector.java</file>
            <file>file:/home/ahedeijack/NetBeansProjects/EstructuraDeDatos/src/Aplicacion_08_Vector1/Prueba.java</file>
            <file>file:/home/ahedeijack/NetBeansProjects/EstructuraDeDatos/src/Aplicacion_4_Calcular_Numeros_Primos/Main.java</file>
            <file>file:/home/ahedeijack/NetBeansProjects/EstructuraDeDatos/src/Aplicacion_08_Vector1/VectorT.java</file>
            <file>file:/home/ahedeijack/NetBeansProjects/EstructuraDeDatos/src/Aplicacion_9_Caracter_Character/CaracterT.java</file>
        </group>
    </open-files>
</project-private>
